GEOID;DESIGNACAO;IVolumetria;vagos_perc;IMedia_edif;aloj_habitual_perc;dimensao_aloj;aloj_por_familia;arrendamento_perc;ind_envelhecimento;ind_qualificacoes;ind_migraçao;primario_perc;secundario_perc;terciario_perc;divisoes_n;FAC1_3;FAC2_3;FAC3_3;FAC4_3;FAC5_3;CLU6_1;populacao;COVIDConfirmadosAcum;COVID_confirmados_10mil_hab
101;Águeda;1.73;0.13;36.1;0.76;144.41;1.31;0.08;101.84;7.65;96.42;0.01;0.49;0.49;3.39;1.08;-1.33;-1.13;0.29;-0.43;1;47729;202;42.32
102;Albergaria-a-Velha;1.71;0.14;38.21;0.74;136.91;1.33;0.07;86.86;7.63;96.08;0.02;0.45;0.53;3.38;1;-1.06;-0.97;0.15;0.07;1;25252;153;60.59
103;Anadia;1.63;0.15;37.8;0.72;148.89;1.39;0.06;133.94;7.67;96.62;0.04;0.4;0.57;3.39;0.7;-0.61;-1.64;0.6;0.21;1;29150;111;38.08
104;Arouca;1.65;0.09;34.21;0.69;128.59;1.44;0.06;83.43;7.11;95.6;0.07;0.46;0.48;3.32;0.68;-1.61;-0.54;-0.96;-0.94;2;22359;272;121.65
105;Aveiro;2;0.12;35.72;0.75;134.47;1.31;0.17;84.75;8.87;101.39;0.01;0.28;0.7;3.4;1.45;1.19;-0.38;0.27;-0.75;3;78450;626;79.8
106;Castelo de Paiva;1.67;0.12;37.82;0.75;115.41;1.33;0.1;68.75;7.01;94.75;0.03;0.51;0.46;3.34;1.06;-2.12;0.15;-0.97;-0.06;2;16733;88;52.59
107;Espinho;1.93;0.12;40.74;0.76;115.42;1.31;0.23;113.96;7.98;98.18;0.01;0.31;0.68;3.4;1.28;-0.04;1.13;-0.11;0.08;3;31786;232;72.99
108;Estarreja;1.59;0.14;38.75;0.74;138.05;1.34;0.09;98.77;7.53;96.29;0.03;0.42;0.55;3.4;0.95;-0.94;-1.1;0.24;0.18;1;26997;131;48.52
109;Santa Maria da Feira;1.84;0.09;33.63;0.8;132.47;1.24;0.12;68.53;7.61;96.78;0.01;0.46;0.53;3.4;1.3;-1.25;-0.19;0.13;-1.18;2;139312;1063;76.3
110;Ílhavo;1.73;0.11;34.18;0.66;136.93;1.51;0.1;79.14;8.18;95.29;0.04;0.3;0.65;3.41;0.59;0.03;-0.67;0.91;-0.6;1;38598;275;71.25
111;Mealhada;1.71;0.13;35.31;0.75;147.86;1.31;0.07;113.01;7.99;96.93;0.02;0.32;0.66;3.39;0.88;0.12;-1.47;0.62;-0.25;1;20428;55;26.92
112;Murtosa;1.62;0.05;40.11;0.5;134.18;2;0.04;106.75;7.05;95.34;0.16;0.31;0.52;3.42;-0.76;-1.04;-0.32;0.32;-1.14;4;10585;33;31.18
113;Oliveira de Azeméis;1.77;0.12;37.02;0.8;135.26;1.24;0.14;88.51;7.38;96.38;0.01;0.56;0.42;3.41;1.39;-2.08;-0.35;0.22;-0.47;2;68611;456;66.46
114;Oliveira do Bairro;1.74;0.13;34.16;0.74;154.1;1.34;0.07;98.24;7.8;96.53;0.03;0.42;0.56;3.41;0.92;-0.6;-1.7;1;-0.48;1;23028;101;43.86
115;Ovar;1.72;0.11;37.34;0.7;127.19;1.42;0.11;74.96;7.95;96.27;0.01;0.41;0.58;3.39;0.91;-0.69;-0.23;0.12;-0.44;2;55398;846;152.71
116;São João da Madeira;2.8;0.12;40.22;0.78;125.04;1.26;0.21;82.26;8.16;95.95;0;0.45;0.55;3.46;1.36;-1.3;2.34;1.59;-0.53;3;21713;183;84.28
117;Sever do Vouga;1.7;0.18;38.38;0.65;135.55;1.54;0.03;125.43;7.48;94.68;0.04;0.47;0.49;3.36;0.37;-1.34;-1.05;0.27;0.58;1;12356;83;67.17
118;Vagos;1.65;0.05;31.95;0.64;152.37;1.54;0.04;94.52;7.58;96.75;0.05;0.35;0.6;3.4;0.22;-0.37;-1.49;0.53;-1.8;2;22851;73;31.95
119;Vale de Cambra;1.83;0.08;36.04;0.71;130.64;1.4;0.08;116.11;7.49;96.91;0.02;0.53;0.45;3.38;0.73;-1.85;-0.03;-0.26;-1.2;2;22864;199;87.04
201;Aljustrel;1.57;0.16;40.51;0.64;118.43;1.55;0.03;157.83;7.52;96.06;0.08;0.31;0.61;3.4;-0.04;-0.46;-0.4;0.27;0.83;1;9257;9;9.72
202;Almodôvar;1.56;0.14;46.82;0.56;119.83;1.77;0.04;193.02;7.57;97.49;0.07;0.32;0.61;3.27;-0.2;-0.31;-0.25;-1.64;0.85;5;7449;11;14.77
203;Alvito;1.51;0.19;41.81;0.56;135.76;1.69;0.07;161.19;7.75;95.93;0.14;0.18;0.68;3.38;-0.14;0.62;-1.3;0.54;1.4;1;2504;0;0
204;Barrancos;1.52;0.08;48.52;0.54;98.33;1.8;0.05;142.06;7.69;97.71;0.1;0.22;0.68;3.37;-0.47;0.09;0.84;-1.17;0.41;5;1834;0;0
205;Beja;1.73;0.11;48.62;0.69;121.88;1.43;0.09;106.73;8.63;96.97;0.07;0.12;0.81;3.41;0.6;1.17;0.11;0.22;0.92;3;35854;233;64.99
206;Castro Verde;1.53;0.13;47.66;0.6;123.4;1.66;0.05;132.34;7.78;95.27;0.07;0.29;0.63;3.33;0.13;-0.35;-0.38;-0.75;1.04;1;7276;5;6.87
207;Cuba;1.51;0.19;40.25;0.6;146.81;1.64;0.08;141.69;7.8;98.24;0.11;0.18;0.71;3.44;0.06;1.11;-2.04;1.3;1.13;1;4878;14;28.7
208;Ferreira do Alentejo;1.52;0.16;50.35;0.63;124.66;1.56;0.06;161.9;7.41;96.75;0.25;0.18;0.57;3.39;0.02;-0.21;-0.59;-0.23;1.82;1;8255;9;10.9
209;Mértola;1.5;0.18;51.67;0.37;100.15;2.71;0.02;263.69;6.98;96.93;0.15;0.21;0.64;3.25;-1.94;0.04;0.58;-1.86;1.94;5;7274;19;26.12
210;Moura;1.52;0.12;46.82;0.54;117.23;1.83;0.06;111.58;7.46;96.84;0.17;0.19;0.64;3.34;-0.2;0.12;-0.25;-1.04;0.71;5;15167;130;85.71
211;Odemira;1.54;0.16;40;0.52;102.69;1.85;0.06;160.98;7.71;98.66;0.23;0.19;0.58;3.34;-0.4;0.38;0.04;-1.02;0.72;5;26066;138;52.94
212;Ourique;1.52;0.16;48.9;0.55;118.39;1.81;0.05;232.98;7.36;96.92;0.12;0.21;0.67;3.37;-0.69;0.07;-0.09;-0.17;1.72;1;5389;44;81.65
213;Serpa;1.52;0.08;58.73;0.58;119.02;1.7;0.04;144.9;7.53;95.81;0.19;0.17;0.65;3.34;-0.23;-0.29;0.25;-1.36;1.35;5;15623;46;29.44
214;Vidigueira;1.51;0.16;50.75;0.59;144.37;1.66;0.05;127.52;7.64;97.2;0.19;0.15;0.66;3.41;0.03;0.56;-1.62;0.32;1.61;1;5932;8;13.49
301;Amares;1.71;0.05;30.02;0.64;142.73;1.56;0.06;71.56;7.6;97.14;0.04;0.33;0.63;3.39;0.34;-0.15;-0.98;0.13;-2.09;2;18889;157;83.12
302;Barcelos;1.71;0.09;31.94;0.8;137.83;1.25;0.07;59.26;7.31;95.55;0.03;0.54;0.42;3.38;1.24;-2.04;-0.86;-0.07;-1.22;2;120391;751;62.38
303;Braga;2.44;0.13;30.01;0.75;138.03;1.32;0.17;58.97;8.75;98;0.01;0.3;0.69;3.42;1.35;0.7;0.36;1.41;-1.22;3;181494;2049;112.9
304;Cabeceiras de Basto;1.69;0.08;33.52;0.6;122.1;1.66;0.06;83.64;7.33;94.6;0.07;0.35;0.57;3.37;0.04;-0.95;0;-0.14;-1.06;2;16710;60;35.91
305;Celorico de Basto;1.63;0.13;35.73;0.64;126.41;1.57;0.06;88.66;7.07;95.36;0.06;0.41;0.53;3.4;0.26;-1.21;-0.59;0.25;-0.17;1;20098;63;31.35
306;Esposende;1.86;0.06;28.03;0.52;140.66;1.89;0.04;64.78;7.8;95.5;0.05;0.42;0.52;3.43;-0.28;-0.82;-0.64;1.2;-2.32;2;34254;218;63.64
307;Fafe;1.73;0.11;31.93;0.7;121.15;1.43;0.16;77.59;7.24;96.75;0.01;0.5;0.49;3.42;0.92;-1.53;0.2;0.2;-0.99;2;50633;347;68.53
308;Guimarães;1.88;0.09;33.95;0.8;125.83;1.24;0.25;62.25;7.54;97.82;0.01;0.51;0.48;3.42;1.78;-1.55;0.61;-0.07;-1.14;2;158124;2168;137.11
309;Póvoa de Lanhoso;1.68;0.08;31.91;0.62;131.71;1.6;0.08;77.75;7.16;98.14;0.03;0.44;0.53;3.4;0.33;-0.95;-0.63;-0.17;-1.68;2;21886;189;86.36
310;Terras de Bouro;1.61;0.09;36.16;0.51;120.12;1.96;0.01;130.23;7.07;99.96;0.08;0.25;0.67;3.32;-0.65;0.46;-0.61;-1.34;-1;4;7253;45;62.04
311;Vieira do Minho;1.63;0.08;35.64;0.55;130.56;1.8;0.03;116.41;7.12;95.83;0.05;0.33;0.63;3.34;-0.35;-0.5;-0.61;-0.48;-0.92;4;12997;48;36.93
312;Vila Nova de Famalicão;1.8;0.09;31.82;0.81;137.13;1.23;0.14;61.86;7.7;97.1;0.01;0.5;0.49;3.43;1.46;-1.36;-0.5;0.47;-1.3;2;133832;1195;89.29
313;Vila Verde;1.75;0.08;30.73;0.67;140.77;1.48;0.05;74.88;7.37;96.43;0.03;0.4;0.56;3.38;0.5;-0.82;-0.98;0.12;-1.57;2;47888;534;111.51
314;Vizela;1.82;0.08;30.94;0.87;122.51;1.15;0.23;48.68;7.1;96.71;0;0.63;0.37;3.41;2;-2.72;0.7;-0.36;-1.54;2;23736;416;175.26
401;Alfândega da Fé;1.63;0.13;37.89;0.52;127.81;1.91;0.04;220.74;7.16;96.18;0.16;0.22;0.61;3.37;-0.96;-0.2;-0.34;0.15;0.11;4;5104;27;52.9
402;Bragança;2.05;0.06;33.85;0.55;138.05;1.8;0.08;135.13;8.57;100.8;0.05;0.17;0.79;3.39;-0.18;1.76;-0.28;0.38;-1.81;6;35341;618;174.87
403;Carrazeda de Ansiães;1.62;0.07;41.59;0.5;120.07;1.99;0.03;221.55;6.77;95.01;0.24;0.19;0.57;3.35;-1.26;-0.8;0.49;-0.51;-0.24;4;6373;9;14.12
404;Freixo de Espada À Cin;1.82;0.03;43.08;0.48;114.78;2.06;0.05;222;6.67;98.81;0.2;0.17;0.63;3.35;-1.34;-0.27;1.16;-1.2;-1.1;5;3780;26;68.78
405;Macedo de Cavaleiros;1.84;0.12;39.02;0.53;131.23;1.87;0.05;172.17;7.48;96.13;0.14;0.17;0.69;3.36;-0.65;0.37;-0.2;0.26;0;4;15776;156;98.88
406;Miranda do Douro;1.77;0.09;33.68;0.55;144.42;1.82;0.04;227.94;7.57;96.38;0.11;0.21;0.68;3.3;-0.65;0.29;-0.75;-0.33;-0.9;4;7482;77;102.91
407;Mirandela;1.81;0.1;35.86;0.62;128.94;1.6;0.08;145.03;7.81;97.59;0.11;0.18;0.71;3.38;0.01;0.64;-0.18;0.1;-0.58;4;23850;78;32.7
408;Mogadouro;1.68;0.09;36.82;0.55;134.67;1.83;0.03;236.79;7.34;96.47;0.19;0.21;0.6;3.39;-0.94;-0.19;-0.33;0.42;-0.49;4;9542;94;98.51
409;Torre de Moncorvo;1.76;0.14;44.17;0.51;123.34;1.96;0.05;262.71;7.12;98.04;0.17;0.19;0.63;3.39;-1.18;0.06;0.18;0.23;0.76;4;8572;37;43.16
410;Vila Flor;1.7;0.14;39.95;0.52;122.62;1.92;0.06;186.02;7.08;96.83;0.2;0.24;0.56;3.21;-0.38;-0.33;-0.23;-2.2;0.25;5;6697;43;64.21
411;Vimioso;1.73;0.07;34.03;0.42;139.44;2.36;0.02;316.61;6.72;96.87;0.13;0.23;0.64;3.4;-2.22;-0.23;-0.09;0.83;-1.24;4;4669;94;201.33
412;Vinhais;1.61;0.03;40.6;0.54;119.26;1.86;0.02;333.98;6.54;97.35;0.16;0.21;0.63;3.34;-1.59;-0.77;0.85;-1.02;-0.84;5;9066;67;73.9
501;Belmonte;1.82;0.14;35.93;0.55;118.86;1.8;0.09;160.24;7.4;96.68;0.05;0.34;0.61;3.41;-0.37;-0.45;0.35;0.67;-0.17;4;6859;43;62.69
502;Castelo Branco;1.88;0.1;41.32;0.6;119.29;1.65;0.09;137.55;8.41;97.02;0.03;0.25;0.73;3.38;0.1;0.53;0.56;0.15;-0.14;4;56109;144;25.66
503;Covilhã;2.28;0.15;40.4;0.6;113.39;1.66;0.14;140.41;8.04;102.21;0.02;0.29;0.68;3.39;0.29;0.78;1.04;-0.08;-0.25;4;51797;65;12.55
504;Fundão;1.95;0.16;36.91;0.54;117.3;1.84;0.07;167.18;7.63;96.21;0.07;0.27;0.66;3.36;-0.46;0.07;0.43;0.33;0.23;4;29213;50;17.12
505;Idanha-a-Nova;1.66;0.09;42.11;0.37;106.18;2.7;0.01;361.27;6.75;100.62;0.16;0.18;0.66;3.34;-2.71;0.33;1.03;-0.96;-0.35;4;9716;36;37.05
506;Oleiros;2.41;0.06;41.1;0.5;104.16;2.01;0.02;379.06;6.63;90.98;0.09;0.32;0.59;3.42;-2.4;-2.24;3.57;1.6;-0.29;4;5721;17;29.72
507;Penamacor;1.68;0.12;41.36;0.4;101.31;2.47;0.01;397.6;6.66;94.23;0.12;0.27;0.61;3.33;-2.65;-1.13;1.76;-0.12;0.6;4;5682;26;45.76
508;Proença-a-Nova;1.83;0.08;36.83;0.54;124.7;1.86;0.02;236.07;7.33;93.67;0.06;0.31;0.62;3.43;-1.23;-0.98;0.75;1.34;-0.65;4;8314;10;12.03
509;Sertã;1.74;0.1;39.95;0.54;117.57;1.84;0.03;155.79;7.3;94.72;0.07;0.31;0.62;3.4;-0.73;-0.74;0.48;0.45;-0.2;4;15880;15;9.45
510;Vila de Rei;1.8;0.08;35.06;0.45;115.2;2.23;0.02;282.51;6.88;97.22;0.04;0.28;0.68;3.4;-1.97;-0.33;0.96;0.53;-1.08;4;3452;3;8.69
511;Vila Velha de Ródão;1.53;0.07;44.74;0.45;115.65;2.19;0.02;439.83;6.62;99.72;0.05;0.31;0.64;3.37;-2.38;-0.72;1.05;-0.55;-0.26;4;3521;14;39.76
601;Arganil;2.05;0.11;47.82;0.45;116.95;2.19;0.03;186.64;7.1;96.6;0.04;0.39;0.57;3.38;-1.23;-1.06;1.1;0.02;0.12;4;12145;17;14
602;Cantanhede;1.59;0.14;36.54;0.66;144.29;1.49;0.05;141.02;7.69;96.11;0.05;0.29;0.66;3.39;0.27;0.04;-1.49;0.64;0.14;1;36595;223;60.94
603;Coimbra;2.11;0.15;37.82;0.72;125.83;1.37;0.16;115;9.36;104.2;0.01;0.15;0.84;3.37;1.3;2.7;-0.17;-0.24;-0.27;3;143396;981;68.41
604;Condeixa-a-Nova;1.77;0.18;37.36;0.73;142.8;1.36;0.07;93.44;8.59;96.05;0.01;0.21;0.78;3.43;0.84;1.19;-1.42;1.56;0.78;1;17078;192;112.43
605;Figueira da Foz;1.89;0.12;37.42;0.56;124.46;1.77;0.08;129.67;8.27;94.16;0.04;0.32;0.65;3.39;-0.14;-0.19;0.35;0.9;-0.17;4;62125;134;21.57
606;Góis;1.96;0.12;52.23;0.34;116.98;2.9;0.02;228.71;7;96.36;0.06;0.31;0.63;3.36;-2.29;-0.52;1.15;0.03;0.56;4;4260;26;61.03
607;Lousã;1.88;0.2;42.01;0.64;132.73;1.54;0.1;86.26;8.08;95.76;0.03;0.27;0.71;3.42;0.56;0.47;-0.63;1.21;1.26;1;17604;34;19.31
608;Mira;1.61;0.13;35.09;0.54;142.98;1.83;0.03;146.57;7.68;95.9;0.08;0.28;0.64;3.36;-0.37;0.16;-1.41;0.36;-0.31;1;12465;26;20.86
609;Miranda do Corvo;1.77;0.2;40.05;0.66;135.09;1.51;0.04;112.13;7.61;95.3;0.03;0.21;0.76;3.44;0.17;0.64;-1.11;1.54;1.41;1;13098;35;26.72
610;Montemor-o-velho;1.59;0.17;37.98;0.73;136.33;1.34;0.03;126.48;7.92;95.17;0.06;0.26;0.68;3.35;0.63;0.21;-1.43;0.24;0.89;1;26171;96;36.68
611;Oliveira do Hospital;2.01;0.14;40.67;0.58;118.79;1.72;0.07;129.39;7.2;95.76;0.03;0.43;0.54;3.38;-0.12;-1.26;0.66;0.15;0.03;4;20855;46;22.06
612;Pampilhosa da Serra;2.16;0.08;40.39;0.36;115.06;2.8;0.02;401.91;6.37;96.99;0.02;0.32;0.66;3.4;-3.27;-0.86;2.2;0.96;-0.83;4;4481;3;6.69
613;Penacova;2.01;0.12;39.24;0.68;140.02;1.43;0.02;143.45;7.08;95.59;0.03;0.28;0.68;3.38;0.03;-0.39;-0.4;0.54;-0.09;1;15251;77;50.49
614;Penela;1.65;0.32;43.31;0.5;124.06;2;0.02;172.81;7.32;96.84;0.02;0.29;0.69;3.4;-0.69;0.62;-1.48;1.29;3.04;1;5983;9;15.04
615;Soure;1.61;0.18;41.46;0.65;129.59;1.53;0.03;174.53;7.76;95.84;0.03;0.24;0.73;3.4;-0.07;0.39;-0.91;0.78;1.29;1;19245;47;24.42
616;Tábua;1.76;0.12;45.28;0.52;121.18;1.92;0.04;134.24;7.13;96.45;0.05;0.39;0.56;3.37;-0.52;-1.01;0.14;-0.27;0.18;4;12071;47;38.94
617;Vila Nova de Poiares;1.76;0.14;37.78;0.6;136.85;1.66;0.05;102.42;7.49;95.4;0.02;0.27;0.71;3.4;-0.01;0.18;-0.87;0.84;0.17;1;7281;20;27.47
701;Alandroal;1.51;0.11;45.18;0.53;119.03;1.9;0.05;194.85;6.87;96.12;0.17;0.3;0.52;3.36;-0.76;-1.09;0.05;-0.62;0.48;4;5843;8;13.69
702;Arraiolos;1.52;0.14;45.82;0.63;125.1;1.59;0.08;151.41;7.66;96.71;0.12;0.25;0.63;3.38;0.17;-0.11;-0.48;-0.28;1.01;1;7363;30;40.74
703;Borba;1.54;0.15;45.68;0.7;111.51;1.43;0.13;164.09;7.57;95.51;0.12;0.28;0.61;3.35;0.59;-0.63;0.42;-0.73;1.45;1;7333;45;61.37
704;Estremoz;1.6;0.19;52.66;0.61;114.6;1.61;0.12;173.11;7.91;96.05;0.1;0.2;0.7;3.41;0.12;0.29;0.28;0.26;2.46;1;14318;34;23.75
705;Évora;1.65;0.12;41.9;0.77;113.68;1.29;0.2;101.72;8.85;98.61;0.04;0.18;0.78;3.36;1.49;1.26;0.37;-0.69;0.57;3;56596;230;40.64
706;Montemor-o-Novo;1.6;0.12;43.45;0.68;113.3;1.47;0.15;176.47;7.63;96.89;0.14;0.2;0.66;3.34;0.48;-0.05;0.59;-0.94;0.76;1;17437;104;59.64
707;Mora;1.51;0.24;42.33;0.53;117.1;1.89;0.08;239.31;7.06;96.89;0.12;0.21;0.67;3.43;-0.88;0.27;-0.47;1.09;2.23;1;4978;65;130.57
708;Mourão;1.5;0.12;38.95;0.51;144.81;1.95;0.05;118.78;7.12;98.27;0.12;0.17;0.71;3.47;-0.69;0.82;-1.66;1.21;-0.13;6;2663;7;26.29
709;Portel;1.5;0.19;53.14;0.6;124.47;1.65;0.05;162.51;7.01;103.64;0.19;0.22;0.58;3.38;0.03;0.51;-1.3;-1.29;1.7;1;6428;6;9.33
710;Redondo;1.53;0.12;56.49;0.61;118.86;1.62;0.13;143.62;7.29;96.86;0.2;0.2;0.6;3.39;0.2;-0.47;0.33;-0.8;1.7;1;7031;49;69.69
711;Reguengos de Monsaraz;1.52;0.07;47.93;0.64;132.43;1.54;0.07;125.25;7.68;95.47;0.14;0.2;0.66;3.42;0.09;-0.18;-0.3;0.2;0.3;4;10828;192;177.32
712;poiares;1.64;0.15;38.95;0.73;119.71;1.36;0.12;133.9;7.75;95.7;0.07;0.28;0.66;3.42;0.67;-0.19;-0.02;0.62;0.83;1;11846;21;17.73
713;Viana do Alentejo;1.51;0.17;39.62;0.61;135.89;1.62;0.06;135.83;7.59;96.29;0.12;0.22;0.66;3.42;0.02;0.3;-1.31;0.84;0.86;1;5743;12;20.9
714;Vila Viçosa;1.59;0.13;45.52;0.69;109.36;1.43;0.14;133.63;7.73;96.47;0.05;0.32;0.63;3.27;0.95;-0.49;0.54;-2.01;0.94;5;8319;24;28.85
801;Albufeira;1.94;0.12;26.37;0.37;111.95;2.63;0.09;62.33;8.6;121.43;0.01;0.13;0.86;3.3;-0.39;5.48;-1.81;-3.23;-3.61;6;40828;385;94.3
802;Alcoutim;1.54;0.13;45.62;0.39;99;2.58;0.01;401.88;6.67;99.18;0.1;0.16;0.74;3.21;-2.53;0.46;1.1;-2.42;0.8;5;2917;18;61.71
803;Aljezur;1.55;0.11;29.46;0.45;120.06;2.24;0.04;190.37;8.28;98.98;0.1;0.2;0.7;3.39;-1.17;1.23;-0.48;0.53;-1.17;6;5884;11;18.69
804;Castro Marim;1.59;0.08;28.16;0.33;115.35;2.97;0.03;155.3;7.54;104.77;0.04;0.19;0.77;3.35;-1.96;2.25;-0.66;-0.88;-2.45;6;6747;44;65.21
805;Faro;2.05;0.15;41.61;0.69;114.71;1.41;0.19;93.53;9.06;98.31;0.03;0.13;0.84;3.39;1.11;1.79;0.81;0.3;0.71;3;64560;311;48.17
806;Lagoa (R. Algarve);1.73;0.09;28.59;0.45;121.97;2.2;0.07;85.33;8.19;105.34;0.02;0.16;0.82;3.39;-0.58;2.71;-0.9;-0.36;-2.27;6;22975;74;32.21
807;Lagos;1.92;0.12;29.1;0.46;116.72;2.16;0.09;91.46;8.57;99.63;0.02;0.17;0.81;3.4;-0.56;2.02;0.01;0.66;-1.34;6;31049;272;87.6
808;Loulé;1.86;0.14;32.59;0.42;116.67;2.32;0.09;98.38;8.26;101.37;0.02;0.18;0.8;3.34;-0.61;2.16;-0.28;-0.41;-0.94;6;70622;337;47.72
809;Monchique;1.57;0.21;51.6;0.56;100.69;1.78;0.07;230.72;7.43;97.72;0.08;0.2;0.72;3.4;-0.64;0.39;0.52;0.05;2.68;1;6045;17;28.12
810;Olhão;1.87;0.14;43.01;0.66;111.69;1.49;0.14;80.84;8.07;97.65;0.06;0.18;0.76;3.39;0.72;0.87;0.58;-0.14;0.7;3;45396;100;22.03
811;Portimão;2.24;0.11;34.14;0.47;109.69;2.07;0.1;88.66;8.56;101.65;0.01;0.16;0.83;3.38;-0.37;2.17;0.91;0.05;-1.29;6;55614;294;52.86
812;São Brás de Alportel;1.66;0.11;40.68;0.64;134.08;1.53;0.09;117.04;8.21;96.81;0.02;0.22;0.77;3.43;0.31;0.77;-0.57;0.82;0.03;1;10662;30;28.14
813;Silves;1.8;0.13;40.15;0.45;116.12;2.18;0.06;121.41;7.99;99.36;0.06;0.17;0.78;3.38;-0.77;1.48;0;0.01;-0.12;6;37126;108;29.09
814;Tavira;1.8;0.14;37.85;0.41;114.44;2.39;0.07;134.48;8.11;103.41;0.07;0.18;0.75;3.39;-0.98;2.05;-0.26;-0.18;-0.6;6;26167;139;53.12
815;Vila do Bispo;1.56;0.13;27.71;0.38;105.22;2.62;0.05;150.35;7.85;107.89;0.08;0.11;0.81;3.32;-1.28;3.18;-0.87;-1.68;-1.79;6;5258;25;47.55
816;Vila Real de Santo Ant;2.02;0.17;33.39;0.37;106.42;2.64;0.07;94.44;7.9;107.52;0.03;0.16;0.81;3.44;-1.26;2.99;-0.18;0.19;-1.17;6;19156;126;65.78
901;Aguiar da Beira;1.77;0.17;36.63;0.43;126.41;2.32;0.02;181.71;6.87;97.09;0.13;0.25;0.63;3.39;-1.45;0.11;-0.5;0.57;0.13;4;5473;32;58.47
902;Almeida;1.65;0.07;40.08;0.45;126.51;2.2;0.03;309.38;7.1;96.08;0.09;0.18;0.73;3.4;-1.97;0.1;0.55;0.7;-0.43;4;7242;17;23.47
903;Celorico da Beira;1.78;0.19;37.45;0.48;121.52;2.07;0.04;174.33;7.12;97.1;0.08;0.28;0.65;3.38;-0.93;0.13;-0.37;0.46;0.63;4;7693;15;19.5
904;Figueira Castelo Rodri;1.66;0.17;41.62;0.46;115.71;2.16;0.03;217.57;7.04;96.33;0.21;0.18;0.61;3.28;-1.14;0.06;-0.05;-1.15;0.94;5;6260;26;41.53
905;Fornos de Algodres;1.89;0.15;43.45;0.49;119.65;2.03;0.04;202.03;6.85;95.47;0.06;0.26;0.69;3.35;-1.1;-0.28;0.52;0.04;0.72;4;4989;9;18.04
906;Gouveia;2.22;0.18;40.39;0.5;120.35;1.98;0.06;213.9;7.13;96.48;0.08;0.23;0.7;3.36;-0.99;0.15;0.84;0.63;0.76;4;14046;38;27.05
907;Guarda;2.14;0.12;37.19;0.58;126.7;1.7;0.08;110.43;8.57;95.73;0.02;0.2;0.77;3.38;0.05;0.94;0.47;0.81;-0.37;4;42541;193;45.37
908;Manteigas;2.07;0.07;38.18;0.53;106.16;1.88;0.06;193.35;6.98;103.03;0.05;0.26;0.69;3.38;-0.84;0.42;1.19;-0.98;-1.4;5;3430;8;23.32
909;Meda;1.85;0.15;40.98;0.45;123.5;2.22;0.03;245.27;6.82;96.96;0.17;0.24;0.6;3.38;-1.57;-0.29;0.21;0.39;0.42;4;5202;8;15.38
910;Pinhel;1.77;0.18;36.85;0.48;117.78;2.07;0.03;221.52;7.05;96.25;0.12;0.26;0.63;3.36;-1.2;-0.14;0;0.36;0.61;4;9627;60;62.32
911;Sabugal;1.8;0.08;37.27;0.34;121.75;2.89;0.01;352.53;6.88;96.52;0.09;0.29;0.62;3.38;-2.97;-0.52;1.04;0.64;-1.04;4;12544;21;16.74
912;Seia;2.43;0.16;43.79;0.54;121.68;1.85;0.06;163.38;7.34;96.22;0.03;0.32;0.66;3.37;-0.54;-0.38;1.2;0.52;0.44;4;24702;33;13.36
913;Trancoso;1.66;0.18;41.76;0.47;127.77;2.12;0.03;184.07;7.24;97.66;0.1;0.25;0.64;3.4;-1.04;0.29;-0.77;0.68;0.9;4;9878;39;39.48
914;Vila Nova de Foz Côa;1.76;0.1;38.16;0.46;121.4;2.15;0.06;204.13;7.08;95.34;0.24;0.18;0.58;3.3;-1.14;-0.32;0.4;-0.85;-0.33;5;7312;51;69.75
1001;Alcobaça;1.68;0.15;37.32;0.63;126.27;1.58;0.07;103.44;7.71;95.52;0.05;0.38;0.58;3.41;0.27;-0.63;-0.51;0.64;0.17;1;56693;259;45.68
1002;Alvaiázere;1.61;0.14;41.41;0.52;122.56;1.9;0.02;215.99;7.01;95.77;0.04;0.34;0.62;3.38;-0.96;-0.7;-0.13;0.27;0.51;4;7287;58;79.59
1003;Ansião;1.61;0.16;41.27;0.6;137.03;1.64;0.03;153.75;7.45;95.92;0.02;0.37;0.61;3.43;-0.18;-0.52;-1.12;1.16;0.76;1;13128;12;9.14
1004;Batalha;1.65;0.14;33.46;0.71;141.51;1.39;0.05;88.52;7.8;96.23;0.02;0.41;0.57;3.43;0.68;-0.54;-1.47;1.07;-0.31;1;15805;59;37.33
1005;Bombarral;1.67;0.17;40.5;0.64;130.72;1.54;0.09;122.89;7.53;95.45;0.16;0.21;0.63;3.41;0.24;0.03;-0.72;0.75;1.08;1;13193;42;31.84
1006;Caldas da Rainha;1.81;0.16;35.61;0.66;122.13;1.51;0.12;105.23;8.26;95.79;0.04;0.23;0.73;3.41;0.53;0.65;-0.04;0.9;0.38;1;51729;207;40.02
1007;Castanheira de Pêra;1.7;0.12;42.31;0.48;114.71;2.05;0.06;208.33;6.83;97.12;0.04;0.37;0.6;3.37;-1.05;-0.85;0.54;-0.24;0.14;4;3191;0;0
1008;Figueiró dos Vinhos;1.59;0.17;39.66;0.53;117.87;1.89;0.04;195.4;7.18;96.17;0.04;0.27;0.69;3.41;-0.87;-0.02;-0.23;0.72;0.89;4;6169;29;47.01
1009;Leiria;1.85;0.13;34.39;0.71;136.44;1.39;0.09;83.49;8.4;96.67;0.02;0.34;0.64;3.39;0.92;0.12;-0.73;0.66;-0.45;1;126897;367;28.92
1010;Marinha Grande;1.73;0.16;34.03;0.7;130.79;1.42;0.11;92.88;8.18;95.51;0;0.47;0.52;3.41;0.92;-0.92;-0.63;0.95;-0.02;1;38681;86;22.23
1011;Nazaré;1.98;0.12;35.82;0.45;110.88;2.2;0.1;105.13;7.72;96.82;0.07;0.24;0.69;3.39;-0.76;0.46;0.87;0.43;-0.58;4;15158;38;25.07
1012;Óbidos;1.6;0.13;30.29;0.5;131.78;1.96;0.05;113.85;7.66;98.96;0.1;0.21;0.69;3.4;-0.51;1.06;-1.29;0.46;-0.86;6;11772;25;21.24
1013;Pedrógão Grande;1.64;0.11;40.52;0.45;114.45;2.2;0.02;213.17;7.04;97.57;0.06;0.24;0.7;3.41;-1.55;0.16;0.3;0.31;-0.08;4;3915;5;12.77
1014;Peniche;1.83;0.09;32.27;0.51;111.49;1.93;0.1;103.28;7.6;96.09;0.1;0.25;0.65;3.4;-0.43;0.01;0.75;0.26;-1.07;4;27753;123;44.32
1015;Pombal;1.69;0.15;36.79;0.62;131.31;1.61;0.05;125.02;7.6;95.65;0.03;0.39;0.58;3.42;0.05;-0.67;-0.74;0.91;0.11;1;55217;169;30.61
1016;Porto de Mós;1.63;0.12;37.32;0.7;139.97;1.4;0.07;101.59;7.58;95.13;0.03;0.43;0.55;3.41;0.66;-1.1;-0.99;0.63;-0.19;1;24342;77;31.63
1101;Alenquer;1.81;0.17;38.51;0.69;115.96;1.41;0.09;81.23;7.93;98;0.03;0.28;0.69;3.42;0.72;0.43;-0.17;0.45;0.59;1;43267;460;106.32
1102;Arruda dos Vinhos;1.82;0.15;38.93;0.74;124.5;1.33;0.11;74.68;8.26;97.36;0.02;0.23;0.75;3.43;0.97;0.79;-0.31;0.73;0.44;1;13391;159;118.74
1103;Azambuja;1.65;0.16;36.87;0.68;109.51;1.46;0.08;105.55;7.75;96.71;0.04;0.22;0.74;3.41;0.41;0.53;-0.05;0.3;0.73;1;21814;304;139.36
1104;Cadaval;1.63;0.09;37.01;0.63;126.49;1.57;0.05;138.01;7.31;95.73;0.1;0.24;0.66;3.4;-0.15;-0.2;-0.31;0.31;-0.33;1;14228;59;41.47
1105;Cascais;2.27;0.13;31.69;0.75;116.04;1.33;0.18;84.52;9.59;96.06;0;0.13;0.86;3.37;1.27;1.81;1.21;0.87;-0.41;3;206479;3054;147.91
1106;Lisboa;3.76;0.15;60.13;0.73;97.48;1.33;0.31;137.92;9.68;99.93;0;0.11;0.89;3.32;1.54;1.7;5.44;-0.17;1.44;3;547733;9202;168
1107;Loures;2.37;0.12;37.52;0.8;97.79;1.23;0.24;82.02;8.48;95.92;0.01;0.18;0.81;3.39;1.41;0.66;2.64;0.22;0.07;3;205054;4164;203.07
1108;Lourinhã;1.74;0.14;32.16;0.58;124.98;1.69;0.07;94.55;7.68;95.33;0.12;0.25;0.63;3.4;-0.01;0.09;-0.47;0.68;-0.23;1;25735;76;29.53
1109;Mafra;1.92;0.12;32.76;0.67;127.89;1.49;0.12;62.15;8.6;96.25;0.03;0.23;0.75;3.42;0.71;0.89;-0.11;1.12;-0.63;1;76685;896;116.84
1110;Oeiras;3.2;0.1;34.39;0.82;110.61;1.2;0.19;95.12;9.95;96.15;0;0.12;0.87;3.39;1.41;1.62;3.38;1.43;-0.94;3;172120;2334;135.6
1111;Sintra;2.41;0.13;36.43;0.78;102.57;1.27;0.16;58.06;8.69;95.69;0;0.2;0.8;3.44;1.14;0.72;2.1;1.16;-0.04;3;377835;7454;197.28
1112;Sobral  de Monte Agraç;1.72;0.18;38.39;0.72;127.21;1.37;0.12;82.98;7.81;97.53;0.03;0.27;0.7;3.44;0.9;0.46;-0.71;0.84;0.81;1;10156;75;73.85
1113;Torres Vedras;1.72;0.13;35.18;0.66;123.94;1.5;0.09;95.11;7.98;96.67;0.06;0.27;0.67;3.4;0.5;0.27;-0.36;0.39;-0.13;1;79465;448;56.38
1114;Vila Franca de Xira;2.89;0.11;37.29;0.81;104.04;1.22;0.17;60.68;8.66;96.63;0.01;0.2;0.79;3.43;1.22;0.61;2.95;1.13;-0.53;3;136886;2185;159.62
1115;Amadora;3.62;0.11;37.22;0.82;85.32;1.2;0.25;93.26;8.54;96.51;0;0.15;0.84;3.38;1.22;0.6;5.51;0.69;-0.75;3;175136;3722;212.52
1116;Odivelas;2.85;0.1;31.49;0.82;97.33;1.2;0.22;80.56;8.61;95.63;0;0.16;0.84;3.42;1.22;0.79;3.46;1.16;-0.87;3;144549;2888;199.79
1201;Alter do Chão;1.56;0.16;46.09;0.47;121.5;2.1;0.09;220.19;7.34;91.94;0.18;0.14;0.68;3.39;-1.17;-0.2;0.4;0.89;1.7;4;3562;7;19.65
1202;Arronches;1.54;0.22;46.39;0.49;113.32;2.05;0.11;225.53;7.31;98.17;0.12;0.15;0.73;3.39;-0.82;0.89;-0.1;0.14;2.21;1;3165;3;9.48
1203;Avis;1.51;0.15;46.45;0.5;118.6;1.98;0.05;188.72;7.26;96.7;0.19;0.16;0.64;3.36;-0.8;0.21;-0.26;-0.39;1.29;1;4571;10;21.88
1204;Campo Maior;1.58;0.12;44.38;0.66;122.68;1.51;0.11;104.03;7.88;96.48;0.07;0.32;0.61;3.33;0.75;-0.34;-0.23;-0.94;0.54;5;8456;13;15.37
1205;Castelo de Vide;2.08;0.13;50.85;0.48;106.71;2.05;0.08;226.25;7.75;98.77;0.06;0.18;0.77;3.41;-1.1;0.72;1.66;0.27;0.94;4;3407;0;0
1206;Crato;1.53;0.1;43.46;0.47;116.43;2.11;0.03;273.74;6.93;98.95;0.07;0.21;0.72;3.38;-1.56;0.26;0.26;-0.33;0.1;4;3708;7;18.88
1207;Elvas;1.75;0.17;46.1;0.66;113.48;1.51;0.16;105.83;7.99;95.93;0.08;0.14;0.77;3.33;0.8;0.82;0.47;-0.71;1.59;3;23078;41;17.77
1208;Fronteira;1.54;0.1;47.18;0.52;119.29;1.93;0.06;162.71;7.54;95.16;0.16;0.17;0.67;3.42;-0.78;0.01;0.23;0.39;0.72;4;3410;0;0
1209;Gavião;1.54;0.16;46.8;0.48;105.36;2.07;0.02;327.18;6.62;96.37;0.07;0.21;0.71;3.4;-1.87;-0.28;0.82;0.26;1.63;4;4132;14;33.88
1210;Marvão;1.58;0.17;53.48;0.49;116.73;2.04;0.11;240.17;7.26;101.31;0.08;0.19;0.73;3.39;-0.8;0.91;0.05;-0.55;1.83;1;3512;6;17.08
1211;Monforte;1.51;0.07;50.75;0.52;117.85;1.94;0.07;144.7;7.26;97.15;0.17;0.12;0.71;3.26;-0.43;0.43;0.18;-2.32;0.44;5;3329;0;0
1212;Nisa;1.57;0.14;49.51;0.44;118.09;2.28;0.02;297.16;7.19;96.42;0.06;0.22;0.73;3.35;-1.76;0.14;0.34;-0.14;1.37;4;7450;6;8.05
1213;Ponte de Sôr;1.55;0.13;38.22;0.64;115.35;1.55;0.09;143.49;7.45;95.26;0.13;0.21;0.66;3.38;0.06;-0.11;0.06;-0.05;0.44;4;16722;28;16.74
1214;Portalegre;1.85;0.15;46.8;0.68;116.51;1.46;0.16;132.38;8.5;98.38;0.04;0.17;0.79;3.36;0.86;1.2;0.53;-0.43;1.19;3;24930;53;21.26
1215;Sousel;1.51;0.19;53.66;0.55;131.7;1.81;0.06;181.01;7.37;94.93;0.18;0.2;0.63;3.4;-0.43;-0.17;-0.71;0.42;2.46;1;5074;5;9.85
1301;Amarante;1.74;0.12;33.49;0.68;125.16;1.46;0.13;71.37;7.33;95.01;0.03;0.44;0.53;3.41;0.74;-1.3;-0.03;0.45;-0.54;2;56264;358;63.63
1302;Baião;1.67;0.16;36.35;0.62;111.62;1.62;0.08;87.45;6.76;92.56;0.04;0.45;0.5;3.36;0.18;-1.93;0.28;-0.07;0.44;4;20522;161;78.45
1303;Felgueiras;1.82;0.12;33.2;0.78;128.13;1.28;0.17;51.99;7.08;97.13;0.02;0.6;0.38;3.42;1.48;-2.29;-0.05;0.14;-0.92;2;58065;978;168.43
1304;Gondomar;2.1;0.11;38.56;0.83;110.97;1.2;0.21;71.58;7.95;96.57;0;0.24;0.75;3.42;1.48;0.18;1.48;0.29;0.06;3;168027;1740;103.55
1305;Lousada;1.75;0.11;30.19;0.81;130.25;1.22;0.14;42.76;6.99;95.98;0.01;0.56;0.43;3.41;1.46;-2.14;-0.37;0.16;-1.11;2;47387;1253;264.42
1306;Maia;2.07;0.11;36.47;0.84;125.01;1.19;0.19;61.15;8.72;96.96;0.01;0.25;0.74;3.42;1.67;0.61;0.6;0.68;-0.31;3;135306;1648;121.8
1307;Marco de Canaveses;1.78;0.12;33.79;0.73;124.41;1.36;0.13;51.86;7.02;92.59;0.02;0.51;0.47;3.39;1.01;-2.24;0.27;0.32;-0.45;2;53450;485;90.74
1308;Matosinhos;2.18;0.1;39.89;0.82;110.96;1.21;0.23;82.69;8.5;97.5;0.01;0.21;0.79;3.39;1.57;0.7;1.71;0;-0.08;3;175478;2426;138.25
1309;Paços de Ferreira;1.83;0.1;30.2;0.83;128.03;1.19;0.16;44.29;6.9;97.26;0;0.56;0.44;3.38;1.66;-2.05;-0.06;-0.5;-1.43;2;56340;1845;327.48
1310;Paredes;1.86;0.11;33.63;0.82;120.34;1.22;0.14;44.98;7.16;97.52;0.01;0.46;0.53;3.4;1.47;-1.29;0.17;-0.33;-0.78;2;86854;1032;118.82
1311;Penafiel;1.74;0.11;34.63;0.79;124.88;1.26;0.14;51.73;7.25;96.95;0.02;0.49;0.49;3.41;1.37;-1.53;-0.15;-0.14;-0.67;2;72265;681;94.24
1312;Porto;2.66;0.19;59.09;0.72;106.88;1.37;0.32;136.77;9.07;101.95;0;0.14;0.85;3.29;1.79;1.86;2.7;-1.5;2.16;3;237591;3508;147.65
1313;Póvoa de Varzim;2.13;0.1;32.22;0.62;131.21;1.61;0.12;66.01;7.82;96.64;0.08;0.29;0.62;3.42;0.37;-0.05;0.25;0.92;-1.25;1;63408;778;122.7
1314;Santo Tirso;1.71;0.09;35.83;0.83;129.92;1.19;0.18;89.13;7.34;97.34;0.01;0.49;0.5;3.42;1.5;-1.57;0;-0.03;-0.82;2;71530;822;114.92
1315;Valongo;2.09;0.1;34.32;0.84;114.35;1.19;0.18;60.31;8.02;96.11;0;0.29;0.71;3.43;1.42;-0.09;1.24;0.59;-0.6;3;93858;1352;144.05
1316;Vila do Conde;1.88;0.08;35.68;0.71;127.66;1.39;0.13;67.01;7.74;95.74;0.08;0.34;0.58;3.42;0.83;-0.72;0.25;0.47;-0.88;2;79533;1190;149.62
1317;Vila Nova de Gaia;2.06;0.12;39.86;0.8;113.95;1.25;0.2;74.27;8.23;97.06;0;0.26;0.74;3.39;1.5;0.33;1.17;0.02;0.21;3;302295;3246;107.38
1318;Trofa;1.77;0.11;34.11;0.83;135.2;1.19;0.14;61.49;7.59;96.66;0.02;0.48;0.5;3.42;1.58;-1.35;-0.5;0.3;-0.7;2;38999;312;80
1401;Abrantes;1.69;0.17;45.84;0.62;116.88;1.6;0.08;154.49;7.78;96.01;0.04;0.29;0.67;3.43;0.02;-0.11;0.1;0.71;1.46;1;39325;102;25.94
1402;Alcanena;1.7;0.2;43.26;0.68;130.98;1.45;0.09;131.6;7.63;95.08;0.01;0.41;0.58;3.42;0.54;-0.85;-0.63;0.98;1.45;1;13868;42;30.29
1403;Almeirim;1.64;0.17;36.49;0.76;125.91;1.31;0.07;111.12;7.8;95.2;0.12;0.22;0.66;3.38;0.77;0.13;-0.77;0.38;0.87;1;23376;61;26.1
1404;Alpiarça;1.57;0.17;39.37;0.74;128.11;1.35;0.07;127.71;7.57;95.94;0.14;0.2;0.66;3.39;0.6;0.14;-0.94;0.23;1.08;1;7702;22;28.56
1405;Benavente;1.8;0.14;30.52;0.74;121.63;1.35;0.13;69.22;8.15;95.9;0.05;0.24;0.71;3.42;0.95;0.46;-0.14;0.83;-0.31;1;29019;265;91.32
1406;Cartaxo;1.64;0.14;39.47;0.71;122.89;1.39;0.1;106.79;8.05;95.85;0.04;0.23;0.72;3.4;0.7;0.38;-0.27;0.4;0.59;1;24462;146;59.68
1407;Chamusca;1.53;0.22;48.57;0.67;112.88;1.5;0.12;168.47;7.06;96.46;0.17;0.27;0.56;3.38;0.39;-0.63;-0.15;-0.36;2.61;1;10120;52;51.38
1408;Constância;1.64;0.15;39.41;0.71;125.33;1.39;0.09;105.72;7.92;98.84;0.02;0.3;0.67;3.42;0.75;0.34;-0.69;0.24;0.32;1;4056;18;44.38
1409;Coruche;1.53;0.23;43.35;0.65;108.17;1.52;0.07;182.09;7.26;95.51;0.17;0.26;0.57;3.35;0.15;-0.52;-0.2;-0.33;2.38;1;19944;90;45.13
1410;Entroncamento;2.37;0.14;35.39;0.75;125.45;1.33;0.11;85.51;8.96;95.31;0.01;0.17;0.83;3.45;0.83;1.24;0.81;2.03;0.04;3;20206;162;80.17
1411;Ferreira do Zêzere;1.66;0.14;42.22;0.45;126.19;2.19;0.02;165.21;7.06;96.69;0.1;0.3;0.6;3.44;-1.28;-0.34;-0.4;1.01;0.29;4;8619;15;17.4
1412;Golegã;1.54;0.18;39.89;0.68;130.84;1.47;0.09;139.29;7.73;96.27;0.08;0.2;0.72;3.41;0.42;0.58;-1.03;0.72;1.27;1;5465;26;47.58
1413;Mação;1.61;0.13;43.43;0.44;123.31;2.25;0.02;298.24;7.06;96.84;0.03;0.31;0.65;3.39;-1.81;-0.39;0.16;0.53;0.49;4;7338;38;51.79
1414;Rio Maior;1.65;0.18;39.71;0.65;128.72;1.5;0.07;102.43;7.75;96.79;0.06;0.32;0.62;3.41;0.47;-0.06;-0.95;0.63;0.85;1;21192;84;39.64
1415;Salvaterra de Magos;1.53;0.13;32.69;0.71;124.49;1.39;0.06;112.38;7.62;95.49;0.08;0.28;0.65;3.37;0.53;-0.13;-0.77;0.06;-0.06;1;22159;62;27.98
1416;Santarém;1.78;0.16;43.98;0.7;129.39;1.41;0.12;119.57;8.36;97.62;0.04;0.22;0.74;3.4;0.8;0.81;-0.4;0.44;0.98;1;62200;466;74.92
1417;Sardoal;1.63;0.17;38.44;0.5;126.45;1.97;0.05;161.6;7.57;94.72;0.03;0.27;0.71;3.43;-0.8;0.19;-0.48;1.46;0.76;4;3939;6;15.23
1418;Tomar;1.69;0.14;40.14;0.61;119.56;1.61;0.09;139.18;7.95;96.98;0.03;0.23;0.74;3.41;0.05;0.58;-0.08;0.54;0.53;4;40677;145;35.65
1419;Torres  Novas;1.66;0.16;43.74;0.69;127.14;1.43;0.08;129.12;8.14;95.63;0.02;0.27;0.71;3.43;0.49;0.22;-0.42;0.97;1.18;1;36717;122;33.23
1420;V. Nova da Barquinha;1.58;0.16;40.73;0.7;125.14;1.41;0.12;135.77;7.9;96.87;0.01;0.17;0.82;3.42;0.55;1.02;-0.5;0.6;1.06;1;7322;21;28.68
1421;Ourém;1.83;0.13;38.18;0.57;131.7;1.72;0.05;108.41;7.78;96.2;0.01;0.36;0.63;3.41;-0.08;-0.24;-0.46;0.77;-0.23;1;45932;179;38.97
1501;Alcácer do Sal;1.58;0.16;39.76;0.58;112.38;1.69;0.08;145.2;7.29;96.44;0.18;0.19;0.63;3.39;-0.21;0.06;-0.08;0;0.92;4;13046;74;56.72
1502;Alcochete;2.26;0.14;36.36;0.76;122.64;1.3;0.17;60.26;9.04;95.94;0.03;0.19;0.78;3.41;1.33;1.09;0.82;1.14;0.09;3;17569;114;64.89
1503;Almada;2.37;0.1;33.94;0.7;101.1;1.41;0.19;104.51;8.73;96.82;0.01;0.15;0.84;3.39;0.78;1.18;2.39;0.46;-0.68;3;174030;1928;110.79
1504;Barreiro;2.65;0.12;42.13;0.79;95.94;1.26;0.18;113.82;8.29;96.44;0;0.19;0.81;3.45;0.87;0.42;3.18;1.08;0.37;3;78764;757;96.11
1505;Grândola;1.64;0.15;38.76;0.49;111.43;2.02;0.07;155.88;7.59;97.63;0.08;0.2;0.72;3.38;-0.76;0.71;0.05;0.08;0.37;4;14826;81;54.63
1506;Moita;2.14;0.16;37.46;0.75;95.27;1.33;0.16;79.4;8.01;95.16;0.01;0.23;0.76;3.42;0.9;0.24;1.85;0.69;0.75;3;66029;780;118.13
1507;Montijo;2.05;0.15;41.13;0.76;111.53;1.3;0.18;78.66;8.62;96.3;0.05;0.2;0.75;3.4;1.26;0.71;1.07;0.44;0.75;3;51222;355;69.31
1508;Palmela;1.72;0.13;29.92;0.71;120.45;1.4;0.1;79.31;8.45;96.16;0.04;0.24;0.72;3.42;0.74;0.69;-0.35;0.93;-0.39;1;62831;276;43.93
1509;Santiago do Cacém;1.63;0.14;43.32;0.66;117.57;1.5;0.08;143.62;8.25;95.21;0.06;0.3;0.63;3.41;0.33;-0.29;0.12;0.54;0.9;1;29749;124;41.68
1510;Seixal;2.23;0.09;26.57;0.77;106.76;1.28;0.11;71.54;8.57;95.19;0;0.18;0.82;3.42;0.79;0.88;1.46;1.17;-1.2;3;158269;1782;112.59
1511;Sesimbra;1.82;0.09;24.45;0.58;116.46;1.65;0.09;69.77;8.47;95.97;0.03;0.2;0.77;3.39;0.15;1.1;0.13;0.63;-1.62;6;49500;284;57.37
1512;Setúbal;2.11;0.13;36.26;0.76;108.7;1.3;0.17;85.39;8.64;96.26;0.02;0.25;0.73;3.41;1.17;0.48;1.32;0.65;0.07;3;121185;808;66.67
1513;Sines;1.9;0.11;31.83;0.66;109.78;1.49;0.12;88.08;8.2;100.29;0.04;0.31;0.65;3.37;0.77;0.5;0.4;-0.58;-1.05;3;14238;66;46.35
1601;Arcos de Valdevez;1.68;0.08;35.92;0.52;119.41;1.89;0.05;196.41;7.05;97.4;0.07;0.34;0.59;3.31;-0.71;-0.64;0.2;-1.12;-0.95;5;22847;93;40.71
1602;Caminha;1.89;0.07;33.34;0.44;129.53;2.23;0.06;135.88;7.93;96.05;0.05;0.25;0.7;3.41;-1.09;0.43;0.22;1.02;-1.57;6;16684;88;52.75
1603;Melgaço;2.01;0.04;37;0.5;129.55;1.98;0.03;280.4;6.97;97.91;0.1;0.23;0.67;3.41;-1.64;-0.21;0.87;0.62;-1.48;4;9213;74;80.32
1604;Monção;1.72;0.13;37.3;0.55;128.49;1.8;0.04;186.57;7.46;96.93;0.06;0.32;0.63;3.41;-0.61;-0.23;-0.36;0.72;-0.13;1;19230;139;72.28
1605;Paredes de Coura;1.58;0.1;40.41;0.57;129.71;1.74;0.02;164.58;7.14;96.89;0.06;0.37;0.57;3.38;-0.44;-0.87;-0.52;-0.15;-0.38;4;9198;24;26.09
1606;Ponte da Barca;1.71;0.1;37.87;0.56;118.68;1.78;0.07;137.1;7.25;96.14;0.05;0.36;0.6;3.33;-0.22;-0.74;0.22;-0.78;-0.53;5;12061;32;26.53
1607;Ponte de Lima;1.67;0.06;34.04;0.65;131.83;1.53;0.06;91.69;7.39;96.27;0.04;0.43;0.52;3.38;0.37;-1.24;-0.39;-0.29;-1.55;2;43498;114;26.21
1608;Valença;1.62;0.11;36.37;0.65;130.92;1.54;0.09;124.64;7.35;98.12;0.03;0.32;0.65;3.43;0.22;-0.13;-0.64;0.38;-0.51;1;14127;92;65.12
1609;Viana do Castelo;1.87;0.09;35.36;0.65;130.23;1.52;0.11;100.61;8.19;96.15;0.02;0.34;0.64;3.4;0.53;-0.17;0.05;0.63;-0.83;1;88725;449;50.61
1610;Vila Nova de Cerveira;1.64;0.09;35.69;0.56;134.81;1.77;0.05;127.83;7.7;96.98;0.03;0.39;0.58;3.41;-0.18;-0.5;-0.7;0.46;-1;4;9253;34;36.74
1701;Alijó;1.66;0.12;38.71;0.55;113.62;1.8;0.05;175.75;6.79;99.82;0.27;0.18;0.54;3.33;-0.54;-0.09;-0.1;-1.37;-0.11;5;11942;49;41.03
1702;Boticas;1.67;0.04;36.88;0.49;119.51;2.02;0.01;224.17;6.56;98.71;0.18;0.32;0.51;3.22;-1.03;-1.03;0.27;-2.78;-1.69;5;5750;6;10.43
1703;Chaves;1.78;0.14;36.27;0.57;134.87;1.76;0.07;141.81;7.85;96;0.06;0.19;0.74;3.38;-0.22;0.78;-0.65;0.77;0.1;1;41243;190;46.07
1704;Mesão Frio;1.78;0.13;50.04;0.63;108.66;1.56;0.08;109.42;6.91;95.22;0.2;0.25;0.55;3.4;0.05;-1.11;0.87;-0.44;1.19;1;4433;18;40.6
1705;Mondim de Basto;1.74;0.02;29.39;0.57;117.88;1.74;0.05;97.93;7.01;94.93;0.09;0.3;0.61;3.3;-0.26;-0.81;0.48;-1.21;-2.19;5;7493;12;16.01
1706;Montalegre;1.68;0.09;41.91;0.4;125.52;2.49;0.01;231.45;6.84;97.18;0.22;0.19;0.58;3.29;-1.79;-0.19;0.02;-1.21;-0.47;5;10537;81;76.87
1707;Murça;1.77;0.12;34.33;0.55;117.49;1.8;0.04;169.64;7.03;97.24;0.21;0.21;0.57;3.34;-0.61;-0.24;0.05;-0.61;-0.49;5;5952;31;52.08
1708;Peso da Régua;1.84;0.14;42.22;0.67;117.42;1.47;0.14;98.85;7.5;95.87;0.16;0.19;0.65;3.39;0.6;-0.07;0.51;-0.12;0.71;1;17131;111;64.79
1709;Ribeira de Pena;1.67;0.09;36.92;0.5;113.09;2;0.03;150.47;6.88;97.34;0.17;0.27;0.56;3.29;-0.77;-0.53;0.16;-1.62;-0.78;5;6544;26;39.73
1710;Sabrosa;1.62;0.05;41.87;0.52;120.36;1.9;0.03;151.07;6.92;96.87;0.22;0.21;0.57;3.35;-0.79;-0.54;0.19;-1.02;-0.76;5;6361;11;17.29
1711;Santa Marta de Penagui;1.85;0.1;38.92;0.59;122.18;1.67;0.04;146.34;6.9;95.66;0.27;0.2;0.53;3.35;-0.36;-0.73;0.21;-0.54;-0.18;5;7356;13;17.67
1712;Valpaços;1.72;0.07;36.32;0.52;134.38;1.92;0.03;215.21;6.59;97.83;0.22;0.19;0.58;3.35;-1.09;-0.32;-0.35;-0.49;-1.02;5;16882;47;27.84
1713;Vila Pouca de Aguiar;1.65;0.06;35.36;0.52;125.24;1.94;0.03;155.27;6.93;97.06;0.1;0.29;0.61;3.34;-0.8;-0.47;-0.14;-0.76;-1.37;5;13187;69;52.32
1714;Vila Real;1.97;0.12;31.9;0.64;137;1.56;0.1;88.86;8.66;101.8;0.04;0.17;0.79;3.39;0.59;2.09;-0.93;0.34;-1.19;3;51850;346;66.73
1801;Armamar;1.65;0.18;40.35;0.47;124.75;2.13;0.02;131.9;6.85;94.52;0.23;0.2;0.57;3.35;-0.93;-0.27;-0.7;-0.02;1.01;4;6297;15;23.82
1802;Carregal do Sal;1.66;0.15;39.92;0.56;122.28;1.77;0.04;133;7.15;95.86;0.04;0.39;0.57;3.37;-0.26;-0.86;-0.4;0.03;0.42;4;9835;18;18.3
1803;Castro Daire;1.72;0.08;36.81;0.47;114.9;2.1;0.02;141.65;6.82;96.31;0.09;0.26;0.65;3.32;-1.07;-0.3;0.28;-1;-0.91;5;15339;125;81.49
1804;Cinfães;1.65;0.08;39.73;0.62;107.2;1.6;0.06;98.76;6.6;92.83;0.08;0.44;0.48;3.34;0.03;-2.33;0.94;-1.04;-0.37;2;20427;228;111.62
1805;Lamego;1.88;0.13;40.2;0.6;124.74;1.66;0.08;103.37;7.81;95.36;0.08;0.21;0.7;3.37;0.08;0.31;0.02;0.28;0.32;4;26691;78;29.22
1806;Mangualde;1.94;0.2;40.09;0.57;130.07;1.71;0.06;127.1;7.45;94.88;0.03;0.35;0.61;3.39;-0.08;-0.45;-0.4;1;1.09;1;19880;114;57.34
1807;Moimenta da Beira;1.75;0.08;36.67;0.49;130.12;2.03;0.04;116.37;7.29;95.65;0.11;0.23;0.66;3.42;-0.89;0;-0.23;0.71;-0.9;4;10212;35;34.27
1808;Mortágua;1.75;0.14;34.64;0.61;139.81;1.6;0.04;186.54;7.14;95.87;0.08;0.35;0.57;3.43;-0.35;-0.77;-0.84;1.33;-0.09;1;9607;16;16.65
1809;Nelas;1.77;0.16;38.64;0.61;136.97;1.62;0.05;132.12;7.5;97.42;0.03;0.4;0.58;3.44;0.05;-0.5;-0.93;1.07;0.15;1;14037;47;33.48
1810;Oliveira de Frades;1.74;0.09;37.33;0.63;132.36;1.57;0.04;103;7.42;96.1;0.08;0.43;0.48;3.37;0.27;-1.37;-0.43;-0.25;-0.93;2;10261;48;46.78
1811;Penalva do Castelo;1.83;0.14;35.73;0.56;119.07;1.79;0.02;167.47;6.79;95.61;0.08;0.37;0.55;3.35;-0.59;-1.12;0.12;-0.19;-0.16;4;7956;0;0
1812;Penedono;1.78;0.1;37.25;0.44;131.75;2.24;0.02;166.01;6.99;94.75;0.17;0.22;0.61;3.35;-1.35;-0.29;-0.2;0.09;-0.63;4;2952;0;0
1813;Resende;1.72;0.11;39.15;0.55;107.73;1.83;0.03;100.16;6.83;97.87;0.2;0.26;0.54;3.32;-0.35;-0.52;0.19;-1.47;-0.29;5;11364;94;82.72
1814;Santa Comba Dão;1.78;0.15;36.44;0.62;127.36;1.59;0.05;139.89;7.41;95.62;0.03;0.36;0.6;3.42;-0.07;-0.62;-0.39;0.96;0.21;1;11597;36;31.04
1815;São João da Pesqueira;1.76;0.11;38.46;0.54;122.76;1.85;0.04;118.6;6.76;96.57;0.41;0.16;0.43;3.33;-0.46;-0.76;-0.21;-1.06;-0.27;5;7874;11;13.97
1816;São Pedro do Sul;1.77;0.12;37.44;0.55;118.01;1.82;0.04;145.36;7.21;98.52;0.1;0.29;0.62;3.35;-0.45;-0.08;-0.08;-0.57;-0.41;5;16851;31;18.4
1817;Sátão;1.84;0.16;32.07;0.49;140.84;2.04;0.02;126.98;7.26;95.46;0.05;0.33;0.62;3.41;-0.79;-0.11;-1.12;1.4;-0.34;1;12444;24;19.29
1818;Sernancelhe;1.7;0.1;35.64;0.49;130.01;2.03;0.02;146.87;6.98;97.2;0.16;0.28;0.57;3.42;-1.02;-0.39;-0.49;0.51;-0.92;4;5671;100;176.34
1819;Tabuaço;1.72;0.13;37.28;0.55;116.24;1.82;0.05;134.1;6.96;90.72;0.17;0.25;0.58;3.36;-0.62;-1.18;0.49;0.29;0.44;4;6350;20;31.5
1820;Tarouca;1.72;0.23;41;0.43;125.13;2.32;0.03;89.12;7.06;90.61;0.09;0.25;0.66;3.37;-1.04;-0.27;-0.61;1.18;1.83;1;8048;7;8.7
1821;Tondela;1.83;0.13;38.35;0.62;128.53;1.6;0.04;159.66;7.26;95.85;0.08;0.34;0.58;3.39;-0.19;-0.79;-0.18;0.37;-0.04;4;28946;47;16.24
1822;Vila Nova de Paiva;1.9;0.11;34.98;0.44;131.32;2.26;0.02;135.51;7.28;93.2;0.1;0.22;0.68;3.35;-1.23;-0.02;-0.03;0.56;-0.61;4;5176;11;21.25
1823;Viseu;2.01;0.12;30.54;0.68;132.51;1.46;0.11;89.84;8.53;97.96;0.02;0.21;0.77;3.38;0.74;1.29;-0.35;0.58;-0.86;3;99274;363;36.57
1824;Vouzela;1.71;0.14;39.88;0.57;125.46;1.73;0.03;151.41;7.07;94.79;0.08;0.39;0.53;3.36;-0.32;-1.27;-0.3;-0.04;0.32;4;10564;32;30.29
4401;Santa Cruz da Graciosa;1.72;0.18;32.61;0.58;122.2;1.7;0.03;109.74;7.13;101.86;0.12;0.25;0.63;3.34;0.03;0.8;-1.27;-0.92;-0.26;4;11521;19;16.49
4501;Calheta (R.A. Açores);1.91;0.11;34.46;0.78;103.24;1.28;0.12;34.66;6.91;97.35;0.05;0.24;0.71;3.31;1.14;-0.06;0.72;-1.63;-0.36;5;35666;53;14.86
4502;Velas;2.01;0.14;40.1;0.76;115.3;1.31;0.19;78.26;8.37;106.73;0.01;0.13;0.87;3.32;1.62;2.69;-0.03;-1.96;-0.27;3;111892;189;16.89
4301;Angra do Heroísmo;1.77;0.13;31.26;0.73;118.09;1.36;0.04;63.69;7.18;97.73;0.06;0.24;0.71;3.36;0.63;0.34;-0.55;-0.45;-0.46;3;21828;17;7.79
4302;Vila da Praia da Vitór;1.8;0.12;38.05;0.66;112.59;1.51;0.05;74.27;7.17;98.36;0.12;0.24;0.64;3.32;0.39;0.03;-0.06;-1.34;-0.24;5;8862;9;10.16
4901;Corvo;1.81;0.17;28.1;0.54;119.24;1.85;0.04;142.89;6.65;97.49;0.19;0.14;0.67;3.31;-0.6;0.56;-0.52;-0.59;-0.31;4;2711;4;14.75
4701;Horta;2;0.16;36.22;0.66;110.93;1.51;0.03;68.28;7.23;97.5;0.03;0.27;0.7;3.28;0.46;0.22;0.04;-1.34;0.1;5;13375;10;7.48
4801;Lajes das Flores;1.95;0.13;29.86;0.74;120.85;1.35;0.06;41.23;8.39;99.79;0.02;0.14;0.84;3.38;0.92;1.94;-0.59;0.09;-0.8;3;43005;51;11.86
4802;Santa Cruz das Flores;1.65;0.09;34.09;0.61;107.48;1.64;0.02;127.51;6.99;96.29;0.15;0.16;0.69;3.32;-0.33;0.08;0.24;-1.24;-0.59;5;7719;10;12.96
4601;Lajes do Pico;1.61;0.13;31.07;0.56;119.32;1.8;0.02;115.28;6.97;101.19;0.05;0.24;0.71;3.35;-0.37;0.92;-1.06;-0.79;-0.83;4;5723;12;20.97
4602;Madalena;1.57;0.16;23.51;0.45;134.39;2.14;0.06;64.46;8.04;94.82;0.01;0.14;0.84;3.34;-0.51;1.86;-1.59;0.79;-0.73;6;5483;10;18.24
4603;São Roque do Pico;1.53;0.14;38.98;0.55;112.09;1.81;0.1;52.72;7.59;95.21;0.08;0.16;0.76;3.3;0.22;0.76;-0.23;-1.18;0.55;5;5552;0;0
4101;Vila do Porto;1.67;0.09;35.68;0.82;131.09;1.15;0.1;34.68;7.14;94.81;0.08;0.21;0.71;3.33;1.35;-0.14;-0.64;-0.91;-0.28;5;14442;3;2.08
4201;Lagoa (R.A. Açores);1.55;0.13;46.16;0.64;130.17;1.55;0.06;73.86;6.92;97.04;0.18;0.22;0.6;3.43;0.25;-0.3;-0.9;-0.02;0.77;1;4937;40;81.02
4202;Nordeste;1.75;0.15;39.82;0.78;134.2;1.26;0.1;45.04;8.21;97.78;0.05;0.16;0.79;3.34;1.42;1.28;-1.12;-0.44;0.56;3;68809;36;5.23
4203;Ponta Delgada;1.57;0.09;46.42;0.58;119.02;1.72;0.07;57.73;6.87;96.62;0.13;0.24;0.63;3.29;0.22;-0.36;-0.21;-1.99;0.19;5;6327;10;15.81
4204;Povoação;1.55;0.12;36.88;0.8;127.68;1.25;0.09;27.22;7.1;96.2;0.12;0.27;0.61;3.34;1.34;-0.41;-0.97;-1.05;0.01;5;32112;5;1.56
4205;Ribeira Grande;1.69;0.11;39.15;0.77;115.93;1.29;0.09;42.34;6.88;99.39;0.11;0.31;0.58;3.29;1.26;-0.48;-0.39;-2.27;-0.25;5;11229;0;0
4206;Vila Franca do Campo;1.67;0.13;32.29;0.8;131.83;1.23;0.14;64.72;7.73;97.69;0.08;0.19;0.73;3.37;1.37;0.75;-0.93;-0.28;-0.23;3;35402;23;6.5
3101;Calheta (R.A. Madeira);1.58;0.11;41.4;0.75;131.44;1.3;0.1;60.74;7.29;98.16;0.07;0.21;0.71;3.39;1;0.35;-0.9;-0.48;0.12;3;21035;10;4.75
3102;Câmara de Lobos;1.55;0.1;49.88;0.58;125.63;1.71;0.06;96.8;6.99;97.4;0.14;0.22;0.64;3.34;0.01;-0.17;-0.49;-1.26;0.66;5;4391;6;13.66
3103;Funchal;1.58;0.11;34.03;0.58;111.1;1.7;0.05;98.17;6.8;97.4;0.13;0.3;0.57;3.38;-0.2;-0.6;-0.1;-0.57;-0.66;5;3773;4;10.6
3104;Machico;1.61;0.14;45.67;0.64;112.56;1.54;0.07;90.86;7.19;96.26;0.12;0.23;0.65;3.24;0.59;-0.17;-0.12;-2.45;1.02;5;5398;6;11.12
3105;Ponta do Sol;1.57;0.11;33.56;0.52;130.18;1.91;0.03;119.1;7.12;95.35;0.16;0.24;0.6;3.31;-0.48;-0.19;-0.92;-0.68;-0.58;4;4711;0;0
3106;Porto Moniz;1.53;0.1;27.38;0.66;137.63;1.49;0.06;89.58;7.32;97.7;0.12;0.25;0.64;3.35;0.43;0.25;-1.53;-0.37;-1.3;2;6049;6;9.92
3107;Ribeira Brava;1.56;0.1;32.74;0.53;132.06;1.85;0.05;100.61;7.39;94.16;0.1;0.24;0.66;3.34;-0.31;-0.06;-0.78;-0.13;-0.74;4;3388;5;14.76
3108;Santa Cruz;1.61;0.09;29.69;0.76;127.31;1.3;0.1;70.36;7.84;96.43;0.08;0.16;0.76;3.32;1.02;0.84;-0.73;-0.85;-0.9;3;14994;11;7.34
3109;Santana;1.54;0.1;52.65;0.57;113.25;1.68;0.06;93.71;7.1;96.34;0.15;0.22;0.64;3.16;0.38;-0.3;-0.01;-3.87;1.01;5;1504;0;0
3110;São Vicente;1.55;0.13;45.38;0.71;114.17;1.35;0.1;92.79;7.37;98.21;0.11;0.22;0.67;3.28;0.96;0.16;-0.28;-2.13;0.88;5;2289;0;0
3201;Porto Santo;1.52;0.07;71.55;0.8;106.98;1.04;0.14;88.75;7.03;104.42;0.17;0.24;0.58;3.03;2.32;-0.31;0.34;-7.89;1.7;5;430;0;0
